问题ID,变量数,约束数,层数,最佳解概率(%),满足约束概率(%),ARG,平均成本,迭代次数
9vars_1cons_20251210_153248_736,9,1,1,0.0,100.0,1.8000000036,-14.0,31
9vars_1cons_20251210_153248_736,9,1,2,0.0,96.2890625,347.4546881949,-1742.2734375,53
9vars_1cons_20251210_153248_736,9,1,3,0.0,99.31640625,97.8337892582,-494.1689453125,65
9vars_1cons_20251210_153248_736,9,1,4,0.0,96.09375,616.729102796,-3088.6455078125,86
9vars_1cons_20251210_153248_736,9,1,5,0.0,88.671875,744.8539077397,-3729.26953125,94
9vars_1cons_20251210_153248_736,9,1,6,0.0,99.70703125,123.5646486846,-622.8232421875,133
9vars_1cons_20251210_153248_736,9,1,7,0.0,99.12109375,111.4423830354,-562.2119140625,136
9vars_2cons_20251210_153248_732,9,2,1,0.0,99.8046875,60.442274272,-1069.9609375,30
9vars_2cons_20251210_153248_732,9,2,2,0.0,99.90234375,30.2217881777,-525.9921875,47
9vars_2cons_20251210_153248_732,9,2,3,0.0,0.0,14564.4444363531,-262142.0,70
9vars_2cons_20251210_153248_732,9,2,4,0.0,0.09765625,69776.635160888,-1255961.43359375,95
9vars_2cons_20251210_153248_732,9,2,5,0.0,4.00390625,69742.4622008375,-1255346.3203125,97
9vars_2cons_20251210_153248_732,9,2,6,0.0,5.859375,68530.1195365805,-1233524.15234375,127
9vars_2cons_20251210_153248_732,9,2,7,0.0,2.734375,72745.2026505582,-1309395.6484375,163
9vars_2cons_20251210_153248_248,9,2,1,0.0,99.90234375,5247.8310022092,-5246.8310546875,30
9vars_2cons_20251210_153248_248,9,2,2,0.0,85.3515625,177307.4601409879,-177306.4619140625,60
9vars_2cons_20251210_153248_248,9,2,3,0.0,16.9921875,4756301.691694796,-4756300.7392578125,83
9vars_2cons_20251210_153248_248,9,2,4,0.0,89.94140625,86973.3809662037,-86972.3818359375,85
9vars_2cons_20251210_153248_248,9,2,5,0.0,46.77734375,467093.7257978127,-467092.73046875,119
9vars_2cons_20251210_153248_248,9,2,6,0.0,6.25,4931908.418454354,-4931907.4677734375,102
9vars_2cons_20251210_153248_248,9,2,7,0.0,94.921875,172954.9445595131,-172953.9462890625,146
9vars_2cons_20251210_153248_692,9,2,1,0.0,99.70703125,2927.9140588401,-23415.3125,24
9vars_2cons_20251210_153248_692,9,2,2,0.0,99.90234375,1459.9572735657,-11671.658203125,50
9vars_2cons_20251210_153248_692,9,2,3,0.0,96.2890625,1579.9665507594,-12631.732421875,76
9vars_2cons_20251210_153248_692,9,2,4,0.0,0.09765625,145139.0664689668,-1161104.533203125,95
9vars_2cons_20251210_153248_692,9,2,5,0.0,6.34765625,237713.1234821554,-1901696.990234375,99
9vars_2cons_20251210_153248_692,9,2,6,0.0,3.7109375,156323.3683348692,-1250578.9482421875,161
9vars_2cons_20251210_153248_692,9,2,7,0.0,30.46875,120548.3437213849,-964378.7509765624,149
9vars_1cons_20251210_153248_788,9,1,1,0.0,100.0,1.4993722088,-6.9912109375,32
9vars_1cons_20251210_153248_788,9,1,2,0.0,100.0,1.4999999989,-7.0,51
9vars_1cons_20251210_153248_788,9,1,3,0.0,89.6484375,970.5193212934,-13573.2705078125,76
9vars_1cons_20251210_153248_788,9,1,4,0.0,60.15625,4590.2695279712,-64249.7734375,92
9vars_1cons_20251210_153248_788,9,1,5,0.0,79.8828125,1912.065009795,-26754.91015625,125
9vars_1cons_20251210_153248_788,9,1,6,0.0,85.15625,1902.1477385967,-26616.068359375,115
9vars_1cons_20251210_153248_788,9,1,7,0.0,89.55078125,1060.9725857377,-14839.6162109375,138
9vars_2cons_20251210_153248_838,9,2,1,0.0,100.0,1.5999999989,-9.0,29
9vars_2cons_20251210_153248_838,9,2,2,0.0,99.90234375,22.9322265472,-328.9833984375,60
9vars_2cons_20251210_153248_838,9,2,3,0.0,96.6796875,306.6550128164,-4584.8251953125,76
9vars_2cons_20251210_153248_838,9,2,4,0.0,99.8046875,5.8666666628,-73.0,99
9vars_2cons_20251210_153248_838,9,2,5,0.0,0.5859375,93506.0250027668,-1402575.3759765625,103
9vars_2cons_20251210_153248_838,9,2,6,0.0,14.453125,43180.9402055877,-647699.103515625,128
9vars_2cons_20251210_153248_838,9,2,7,0.0,2.1484375,103160.0183557058,-1547385.2763671875,126
9vars_3cons_20251210_153248_669,9,3,2,0.0,99.12109375,619.769068994,-11794.6123046875,49
9vars_3cons_20251210_153248_669,9,3,3,0.0,99.8046875,126.3119860862,-2418.927734375,71
9vars_3cons_20251210_153248_669,9,3,4,0.0,70.5078125,15858.1540996293,-301323.927734375,103
9vars_3cons_20251210_153248_669,9,3,5,0.0,1.7578125,88955.0756019172,-1690165.435546875,90
9vars_3cons_20251210_153248_669,9,3,6,0.0,51.5625,44628.4266785051,-847959.1064453125,115
9vars_3cons_20251210_153248_669,9,3,7,0.0,27.1484375,57114.7856488927,-1085199.9267578125,138
9vars_1cons_20251210_153248_882,9,1,1,0.0,24.609375,809.808398235,-32352.3359375,27
9vars_1cons_20251210_153248_882,9,1,2,0.0,99.70703125,60.423461899,-2376.9384765625,56
9vars_1cons_20251210_153248_882,9,1,3,0.0,99.21875,107.5844726294,-4263.37890625,66
9vars_1cons_20251210_153248_882,9,1,4,0.0,8.49609375,8280.9248514454,-331196.994140625,90
9vars_1cons_20251210_153248_882,9,1,5,0.0,11.9140625,4004.910228491,-160156.4091796875,100
9vars_1cons_20251210_153248_882,9,1,6,0.0,5.2734375,4371.3115467587,-174812.4619140625,152
9vars_1cons_20251210_153248_882,9,1,7,0.0,28.41796875,2397.1928216663,-95847.712890625,151
9vars_3cons_20251210_153248_825,9,3,1,0.0,99.8046875,279.2642047993,-3082.90625,30
9vars_3cons_20251210_153248_825,9,3,2,0.0,99.90234375,17.4533025727,-202.986328125,51
9vars_3cons_20251210_153248_825,9,3,3,0.0,99.609375,340.3512076958,-3754.86328125,70
9vars_3cons_20251210_153248_825,9,3,4,0.0,12.79296875,78813.2467868473,-866956.7138671875,75
9vars_3cons_20251210_153248_825,9,3,5,0.0,3.90625,39847.6005333842,-438334.60546875,113
9vars_3cons_20251210_153248_825,9,3,6,0.0,21.875,26963.679623234,-296611.4755859375,133
9vars_3cons_20251210_153248_825,9,3,7,0.0,0.9765625,67677.5763221785,-744464.3388671875,155
9vars_1cons_20251210_153248_564,9,1,1,0.0,99.51171875,1039.9619192623,-2081.923828125,30
9vars_1cons_20251210_153248_564,9,1,2,0.0,99.4140625,911.9633834661,-1825.9267578125,54
9vars_1cons_20251210_153248_564,9,1,3,0.0,99.90234375,255.9877942487,-513.9755859375,72
9vars_1cons_20251210_153248_564,9,1,4,0.0,17.48046875,65050.2615557201,-130102.5224609375,91
9vars_1cons_20251210_153248_564,9,1,5,0.0,50.1953125,29116.4698721448,-58234.939453125,119
9vars_1cons_20251210_153248_564,9,1,6,0.0,0.09765625,53108.5725311679,-106219.14453125,142
9vars_1cons_20251210_153248_564,9,1,7,0.0,63.4765625,18477.6626900446,-36957.3251953125,135
9vars_2cons_20251210_153248_936,9,2,1,0.0,100.0,1.8571428598,-20.0,26
9vars_2cons_20251210_153248_936,9,2,2,0.0,100.0,1.8571428598,-20.0,39
9vars_2cons_20251210_153248_936,9,2,3,0.0,99.609375,148.1311386045,-1043.91796875,70
9vars_2cons_20251210_153248_936,9,2,4,0.0,100.0,1.8571428598,-20.0,95
9vars_2cons_20251210_153248_936,9,2,5,0.0,0.0,221286.5022692486,-1549012.513671875,118
9vars_2cons_20251210_153248_936,9,2,6,0.0,85.546875,67469.0531097772,-472290.37109375,122
9vars_2cons_20251210_153248_936,9,2,7,0.0,3.02734375,539735.6535333277,-3778156.5693359375,127
9vars_3cons_20251210_153248_485,9,3,1,0.0,99.8046875,162.9021662672,-3605.84765625,25
9vars_3cons_20251210_153248_485,9,3,2,0.0,99.90234375,81.4510831336,-1813.923828125,42
9vars_3cons_20251210_153248_485,9,3,3,0.0,36.42578125,67658.2423514214,-1488503.3310546875,62
9vars_3cons_20251210_153248_485,9,3,4,0.0,98.33984375,2152.6451092881,-47380.1923828125,96
9vars_3cons_20251210_153248_485,9,3,5,0.0,6.25,59957.7162026796,-1319091.755859375,106
9vars_3cons_20251210_153248_485,9,3,6,0.0,93.9453125,8671.6644215553,-190798.6171875,138
9vars_3cons_20251210_153248_485,9,3,7,0.0,34.86328125,58764.7498047652,-1292846.4951171875,139
9vars_1cons_20251210_153248_169,9,1,1,0.0,100.0,0.5483870966,14.0,28
9vars_1cons_20251210_153248_169,9,1,2,0.0,99.90234375,9.8378906218,-273.974609375,61
9vars_1cons_20251210_153248_169,9,1,3,0.0,95.80078125,81.0492691271,-2481.52734375,74
9vars_1cons_20251210_153248_169,9,1,4,0.0,95.703125,147.1705833699,-4531.2880859375,96
9vars_1cons_20251210_153248_169,9,1,5,0.0,58.7890625,1287.7284522056,-39888.58203125,96
9vars_1cons_20251210_153248_169,9,1,6,0.0,76.46484375,955.3327869902,-29584.31640625,133
9vars_1cons_20251210_153248_169,9,1,7,0.0,98.828125,27.3807648601,-817.8037109375,171
9vars_2cons_20251210_153248_733,9,2,2,0.0,7.2265625,112613.9503331434,-675677.703125,50
9vars_2cons_20251210_153248_733,9,2,3,0.0,99.609375,1930.6132780323,-11577.6796875,73
9vars_2cons_20251210_153248_733,9,2,4,0.0,31.93359375,48793.4338379484,-292754.603515625,93
9vars_2cons_20251210_153248_733,9,2,5,0.0,95.80078125,2917.2363232629,-17497.41796875,111
9vars_2cons_20251210_153248_733,9,2,6,0.0,14.2578125,69208.9364080893,-415247.619140625,118
9vars_2cons_20251210_153248_733,9,2,7,0.0,45.60546875,42121.5385040162,-252723.2314453125,123
9vars_1cons_20251210_153248_407,9,1,1,0.0,100.0,3.1428571384,-15.0,22
9vars_1cons_20251210_153248_407,9,1,2,0.0,100.0,3.1428571384,-15.0,50
9vars_1cons_20251210_153248_407,9,1,3,0.0,46.97265625,7983.1819082383,-55875.2734375,73
9vars_1cons_20251210_153248_407,9,1,4,0.0,84.47265625,3154.8648113413,-22077.0537109375,77
9vars_1cons_20251210_153248_407,9,1,5,0.0,31.25,11142.3124840824,-77989.1875,94
9vars_1cons_20251210_153248_407,9,1,6,0.0,33.984375,3653.9243809408,-25570.470703125,134
9vars_1cons_20251210_153248_407,9,1,7,0.0,23.33984375,12088.4394358558,-84612.076171875,126
9vars_2cons_20251210_153248_746,9,2,2,0.0,99.90234375,63997656250.0,-639.9765625,44
9vars_2cons_20251210_153248_746,9,2,3,0.0,99.8046875,143994628906.25,-1439.9462890625,70
9vars_2cons_20251210_153248_746,9,2,4,0.0,99.90234375,63997656250.0,-639.9765625,89
9vars_2cons_20251210_153248_746,9,2,5,0.0,91.015625,5887784375000.0,-58877.84375,94
9vars_2cons_20251210_153248_746,9,2,6,0.0,99.12109375,623976855468.75,-6239.7685546875,121
9vars_2cons_20251210_153248_746,9,2,7,0.0,92.87109375,5327800878906.25,-53278.0087890625,129
9vars_1cons_20251210_153248_549,9,1,1,0.0,100.0,1500000000.0,-15.0,22
9vars_1cons_20251210_153248_549,9,1,2,0.0,100.0,1500000000.0,-15.0,56
9vars_1cons_20251210_153248_549,9,1,3,0.0,96.484375,116680273437.5,-1166.802734375,68
9vars_1cons_20251210_153248_549,9,1,4,0.0,99.31640625,23895898437.5,-238.958984375,88
9vars_1cons_20251210_153248_549,9,1,5,0.0,75.1953125,977434570312.5,-9774.345703125,104
9vars_1cons_20251210_153248_549,9,1,6,0.0,36.42578125,2228560156250.0,-22285.6015625,140
9vars_1cons_20251210_153248_549,9,1,7,0.0,95.01953125,164742871093.75,-1647.4287109375,146
9vars_2cons_20251210_153248_756,9,2,1,0.0,100.0,0.4615384612,7.0,24
9vars_2cons_20251210_153248_756,9,2,2,0.0,99.51171875,145.688701811,-1880.953125,47
9vars_2cons_20251210_153248_756,9,2,3,0.0,97.8515625,716.75052529,-9304.7568359375,69
9vars_2cons_20251210_153248_756,9,2,4,0.0,0.0,28931.3226940913,-376094.1953125,80
9vars_2cons_20251210_153248_756,9,2,5,0.0,0.0,18538.9803042489,-240993.744140625,102
9vars_2cons_20251210_153248_756,9,2,6,0.0,0.0,18696.1558600174,-243037.0263671875,122
9vars_2cons_20251210_153248_756,9,2,7,0.0,0.0,30782.2749913454,-400156.5751953125,140
9vars_1cons_20251210_153248_285,9,1,1,0.0,99.90234375,3.4379882791,-39.0078125,23
9vars_1cons_20251210_153248_285,9,1,2,0.0,97.8515625,45.4440307333,-711.1044921875,52
9vars_1cons_20251210_153248_285,9,1,3,0.0,99.31640625,15.4392700099,-231.0283203125,69
9vars_1cons_20251210_153248_285,9,1,4,0.0,99.21875,17.4340820204,-262.9453125,86
9vars_1cons_20251210_153248_285,9,1,5,0.0,99.90234375,3.4370727518,-38.9931640625,106
9vars_1cons_20251210_153248_285,9,1,6,0.0,50.1953125,1099.4415276332,-17575.064453125,104
9vars_1cons_20251210_153248_285,9,1,7,0.0,94.53125,113.443725515,-1799.099609375,146
9vars_1cons_20251210_153248_745,9,1,1,0.0,100.0,1.4999999975,-3.0,35
9vars_1cons_20251210_153248_745,9,1,2,0.0,99.90234375,22.8320312119,-130.9921875,46
9vars_1cons_20251210_153248_745,9,1,3,0.0,99.4140625,289.5289708716,-1731.173828125,64
9vars_1cons_20251210_153248_745,9,1,4,0.0,99.21875,172.5553382541,-1029.33203125,90
9vars_1cons_20251210_153248_745,9,1,5,0.0,88.57421875,2790.607417224,-16737.64453125,100
9vars_1cons_20251210_153248_745,9,1,6,0.0,95.80078125,1212.5813781874,-7269.48828125,113
9vars_1cons_20251210_153248_745,9,1,7,0.0,99.609375,86.5753579286,-513.4521484375,143
9vars_1cons_20251210_153248_442,9,1,1,0.0,98.73046875,291.9992679431,-2343.994140625,27
9vars_1cons_20251210_153248_442,9,1,2,0.0,99.8046875,67.9976807491,-551.9814453125,49
9vars_1cons_20251210_153248_442,9,1,3,0.0,97.36328125,527.9930426522,-4231.9443359375,69
9vars_1cons_20251210_153248_442,9,1,4,0.0,78.02734375,1236.0728775217,-9896.5830078125,90
9vars_1cons_20251210_153248_442,9,1,5,0.0,2.1484375,18740.5158925663,-149932.126953125,108
9vars_1cons_20251210_153248_442,9,1,6,0.0,2.9296875,18336.0067367872,-146696.0537109375,119
9vars_1cons_20251210_153248_442,9,1,7,0.0,1.3671875,19487.7342772894,-155909.8740234375,131
9vars_3cons_20251210_153248_463,9,3,2,0.0,99.8046875,1071.9707084849,-2145.94140625,54
9vars_3cons_20251210_153248_463,9,3,3,0.0,98.828125,8527.7515074825,-17057.5029296875,71
9vars_3cons_20251210_153248_463,9,3,4,0.0,97.94921875,14239.5767313541,-28481.1533203125,104
9vars_3cons_20251210_153248_463,9,3,5,0.0,34.765625,531664.4694551973,-1063330.93359375,105
9vars_3cons_20251210_153248_463,9,3,6,0.0,66.015625,258968.4851815612,-517938.9677734375,141
9vars_3cons_20251210_153248_463,9,3,7,0.0,78.22265625,171210.8636490231,-342423.7255859375,152
9vars_2cons_20251210_153248_805,9,2,1,0.0,100.0,1.2857142876,-16.0,30
9vars_2cons_20251210_153248_805,9,2,2,0.0,99.70703125,284.7049390228,-1999.9345703125,47
9vars_2cons_20251210_153248_805,9,2,3,0.0,100.0,1.2857142876,-16.0,62
9vars_2cons_20251210_153248_805,9,2,4,0.0,0.5859375,110379.598092953,-772664.185546875,78
9vars_2cons_20251210_153248_805,9,2,5,0.0,40.4296875,74334.3639454777,-520347.546875,89
9vars_2cons_20251210_153248_805,9,2,6,0.0,0.09765625,37198.7485185429,-260398.2392578125,119
9vars_2cons_20251210_153248_805,9,2,7,0.0,14.2578125,62992.7538567307,-440956.2763671875,145
9vars_3cons_20251210_153248_328,9,3,2,0.0,99.8046875,1482.626955596,-8901.76171875,51
9vars_3cons_20251210_153248_328,9,3,3,0.0,10.44921875,796482.7651621067,-4778902.5830078125,82
9vars_3cons_20251210_153248_328,9,3,4,0.0,70.80078125,362410.3061053192,-2174467.8330078125,78
9vars_3cons_20251210_153248_328,9,3,5,0.0,90.72265625,95442.4552371958,-572660.73046875,101
9vars_3cons_20251210_153248_328,9,3,6,0.0,45.60546875,717866.3573162355,-4307204.13671875,99
9vars_3cons_20251210_153248_328,9,3,7,0.0,21.2890625,875781.7080026049,-5254696.2392578125,107
9vars_2cons_20251210_153248_163,9,2,1,0.0,99.90234375,2.6666666644,-20.0,22
9vars_2cons_20251210_153248_163,9,2,2,0.0,99.609375,10.6666666578,-116.0,45
9vars_2cons_20251210_153248_163,9,2,5,0.0,99.8046875,5.3333333289,-52.0,99
9vars_2cons_20251210_153248_163,9,2,6,0.0,99.51171875,13.3333333222,-148.0,112
9vars_3cons_20251210_153248_362,9,3,2,0.0,97.36328125,30303.147157906,-30302.1474609375,50
9vars_3cons_20251210_153248_362,9,3,3,0.0,12.01171875,703755.9578061905,-703754.96484375,87
9vars_3cons_20251210_153248_362,9,3,4,0.0,1.07421875,1057471.7511440325,-1057470.76171875,81
9vars_3cons_20251210_153248_362,9,3,5,0.0,0.09765625,441299.4340635682,-441298.4384765625,111
9vars_3cons_20251210_153248_362,9,3,6,0.0,0.09765625,737643.4359829407,-737642.443359375,121
9vars_3cons_20251210_153248_362,9,3,7,0.0,1.46484375,463670.2199726728,-463669.224609375,177
9vars_2cons_20251210_153248_708,9,2,1,0.0,0.0,5535.665206436,-66439.982421875,29
9vars_2cons_20251210_153248_708,9,2,2,0.0,82.2265625,11235.1764416543,-134834.1171875,43
9vars_2cons_20251210_153248_708,9,2,3,0.0,8.10546875,15692.96973964,-188327.63671875,73
9vars_2cons_20251210_153248_708,9,2,4,0.0,0.29296875,17087.7776835106,-205065.33203125,84
9vars_2cons_20251210_153248_708,9,2,5,0.0,0.0,23892.6947627491,-286724.3369140625,101
9vars_2cons_20251210_153248_708,9,2,6,0.0,37.59765625,15850.6377899016,-190219.6533203125,120
9vars_2cons_20251210_153248_708,9,2,7,0.0,22.94921875,22085.2139669721,-265034.5673828125,133
9vars_3cons_20251210_153248_632,9,3,2,0.0,99.51171875,139.9938965719,-2255.90234375,51
9vars_3cons_20251210_153248_632,9,3,3,0.0,8.69140625,31270.7046704231,-500347.2744140625,68
9vars_3cons_20251210_153248_632,9,3,4,0.0,48.828125,21743.1466200348,-347906.345703125,104
9vars_3cons_20251210_153248_632,9,3,5,0.0,76.3671875,7179.692448335,-114891.0791015625,128
9vars_3cons_20251210_153248_632,9,3,6,0.0,47.55859375,30554.8742866749,-488893.98828125,125
9vars_3cons_20251210_153248_632,9,3,7,0.0,72.55859375,8251.6453298643,-132042.3251953125,142
9vars_2cons_20251210_153248_832,9,2,2,0.0,84.765625,602.6573888207,-7219.888671875,54
9vars_2cons_20251210_153248_832,9,2,3,0.0,34.86328125,9234.9543380073,-110807.4521484375,76
9vars_2cons_20251210_153248_832,9,2,4,0.0,62.59765625,2330.5708802193,-27954.8505859375,96
9vars_2cons_20251210_153248_832,9,2,5,0.0,40.33203125,5733.8077751697,-68793.693359375,102
9vars_2cons_20251210_153248_832,9,2,6,0.0,32.421875,2634.5663226743,-31602.7958984375,129
9vars_2cons_20251210_153248_832,9,2,7,0.0,74.609375,978.6742342105,-11732.0908203125,164
9vars_2cons_20251210_153248_973,9,2,2,0.0,0.0,27305.166689421,-327674.0,53
9vars_2cons_20251210_153248_973,9,2,3,0.0,99.8046875,557.3155115321,-6699.7861328125,73
9vars_2cons_20251210_153248_973,9,2,4,0.0,92.08984375,2759.9004743051,-33130.8056640625,104
9vars_2cons_20251210_153248_973,9,2,5,0.0,0.1953125,668509.4727250601,-8022125.666015625,119
9vars_2cons_20251210_153248_973,9,2,6,0.0,13.18359375,412336.0891294208,-4948045.0654296875,130
9vars_2cons_20251210_153248_973,9,2,7,0.0,0.5859375,624614.9525061896,-7495391.423828125,153
9vars_3cons_20251210_153248_144,9,3,2,0.0,99.90234375,143.9950474845,-4059.861328125,51
9vars_3cons_20251210_153248_144,9,3,3,0.0,8.0078125,110734.3641578516,-3100590.1953125,72
9vars_3cons_20251210_153248_144,9,3,4,0.0,4.78515625,99496.9162255458,-2785941.6533203125,75
9vars_3cons_20251210_153248_144,9,3,5,0.0,78.3203125,28297.3313786888,-792353.2783203125,128
9vars_3cons_20251210_153248_144,9,3,6,0.0,46.2890625,40287.7750213639,-1128085.7001953125,138
9vars_3cons_20251210_153248_144,9,3,7,0.0,0.9765625,30399.7575443392,-851221.2109375,138
9vars_1cons_20251210_153248_267,9,1,1,0.0,99.90234375,6.7891138945,-109.9931640625,27
9vars_1cons_20251210_153248_267,9,1,2,0.0,99.90234375,6.8062294372,-110.318359375,52
9vars_1cons_20251210_153248_267,9,1,3,0.0,99.8046875,13.5399362593,-238.2587890625,79
9vars_1cons_20251210_153248_267,9,1,4,1.171875,100.0,0.3076685854,13.154296875,115
9vars_1cons_20251210_153248_267,9,1,5,0.0,99.70703125,20.2331928347,-365.4306640625,115
9vars_1cons_20251210_153248_267,9,1,6,0.0,99.8046875,13.6707442362,-240.744140625,134
9vars_1cons_20251210_153248_267,9,1,7,0.0,99.8046875,13.9223375749,-245.5244140625,139
9vars_3cons_20251210_153248_909,9,3,2,0.0,97.75390625,956.7640634568,-9577.640625,54
9vars_3cons_20251210_153248_909,9,3,3,0.0,64.55078125,15100.2328276002,-151012.328125,84
9vars_3cons_20251210_153248_909,9,3,4,0.0,50.68359375,23157.5462145638,-231585.4619140625,85
9vars_3cons_20251210_153248_909,9,3,5,0.0,59.5703125,19372.0883982783,-193730.8837890625,91
9vars_3cons_20251210_153248_909,9,3,6,0.0,94.53125,3046.290921015,-30472.9091796875,147
9vars_3cons_20251210_153248_909,9,3,7,0.0,94.53125,3046.290921015,-30472.9091796875,176
9vars_2cons_20251210_153248_772,9,2,3,0.0,99.90234375,13.4734786255,-274.99609375,75
9vars_2cons_20251210_153248_772,9,2,4,0.0,10.3515625,9766.8728978214,-185589.5849609375,94
9vars_2cons_20251210_153248_772,9,2,5,0.0,98.4375,197.0534540511,-3763.015625,118
9vars_2cons_20251210_153248_772,9,2,6,0.0,33.10546875,7929.2053392884,-150673.9013671875,130
9vars_2cons_20251210_153248_772,9,2,7,0.0,37.98828125,10534.5766400018,-200175.9560546875,142
9vars_3cons_20251210_153248_563,9,3,3,0.0,85.7421875,157091.0426290557,-628368.1689453125,71
9vars_3cons_20251210_153248_563,9,3,4,0.0,38.8671875,667170.4211015198,-2668685.677734375,83
9vars_3cons_20251210_153248_563,9,3,5,0.0,87.59765625,129243.9104793598,-516979.640625,114
9vars_3cons_20251210_153248_563,9,3,6,0.0,95.703125,39614.7129896618,-158462.8515625,141
9vars_3cons_20251210_153248_563,9,3,7,0.0,97.0703125,27903.1067592109,-111616.4267578125,135
9vars_3cons_20251210_153248_618,9,3,1,0.0,99.90234375,12.3065655143,-172.9853515625,30
9vars_3cons_20251210_153248_618,9,3,3,0.0,98.828125,147.6787861713,-1932.82421875,72
9vars_3cons_20251210_153248_618,9,3,4,0.0,97.265625,344.5838343997,-4492.58984375,91
9vars_3cons_20251210_153248_618,9,3,6,0.0,99.70703125,36.9196965428,-492.9560546875,115
9vars_3cons_20251210_153248_618,9,3,7,0.0,99.90234375,12.3065655143,-172.9853515625,137
9vars_3cons_20251210_153248_487,9,3,2,0.0,99.609375,90.6650389869,-1075.98046875,51
9vars_3cons_20251210_153248_487,9,3,3,0.0,0.09765625,20283.7109205969,-243392.53125,82
9vars_3cons_20251210_153248_487,9,3,4,0.0,0.68359375,50098.3972564284,-601168.767578125,87
9vars_3cons_20251210_153248_487,9,3,5,0.0,7.32421875,57911.5049973133,-694926.060546875,92
9vars_3cons_20251210_153248_487,9,3,6,0.0,14.6484375,20589.089663832,-247057.076171875,134
9vars_3cons_20251210_153248_487,9,3,7,0.0,3.61328125,44680.0173781312,-536148.208984375,124
9vars_1cons_20251210_153248_771,9,1,1,0.0,100.0,4.7499999881,-15.0,23
9vars_1cons_20251210_153248_771,9,1,2,0.0,98.6328125,116.7077633801,-462.8310546875,54
9vars_1cons_20251210_153248_771,9,1,3,0.0,99.12109375,76.3935544965,-301.57421875,78
9vars_1cons_20251210_153248_771,9,1,4,0.0,95.60546875,363.9152822933,-1451.6611328125,100
9vars_1cons_20251210_153248_771,9,1,5,0.0,77.83203125,2012.1701609852,-8044.6806640625,98
9vars_1cons_20251210_153248_771,9,1,6,0.0,99.8046875,19.7277831538,-74.9111328125,130
9vars_1cons_20251210_153248_771,9,1,7,0.0,79.58984375,1964.1135204803,-7852.4541015625,157
9vars_1cons_20251210_153248_822,9,1,1,0.0,100.0,0.2692307691,19.0,24
9vars_1cons_20251210_153248_822,9,1,2,0.0,99.609375,49.4981595363,-1260.9521484375,43
9vars_1cons_20251210_153248_822,9,1,3,0.0,58.59375,1548.8691775894,-40244.5986328125,70
9vars_1cons_20251210_153248_822,9,1,4,0.0,41.11328125,908.9661955639,-23607.12109375,90
9vars_1cons_20251210_153248_822,9,1,5,0.0,77.734375,339.0566029345,-8789.4716796875,121
9vars_1cons_20251210_153248_822,9,1,6,0.0,10.3515625,1246.5398132225,-32384.03515625,120
9vars_1cons_20251210_153248_822,9,1,7,0.0,83.984375,327.7105993331,-8494.4755859375,137
9vars_3cons_20251210_153248_244,9,3,1,0.0,99.90234375,755.1779281771,-3770.8896484375,28
9vars_3cons_20251210_153248_244,9,3,3,0.0,0.0,196599.7996068004,-982994.0,74
9vars_3cons_20251210_153248_244,9,3,4,0.0,6.640625,227703.0895836563,-1138510.4501953125,92
9vars_3cons_20251210_153248_244,9,3,5,0.0,67.1875,310237.2011373381,-1551181.0087890625,110
9vars_3cons_20251210_153248_244,9,3,6,0.0,5.95703125,285186.4156405647,-1425927.0810546875,118
9vars_3cons_20251210_153248_244,9,3,7,0.0,68.5546875,134241.766723704,-671203.8349609375,141
9vars_3cons_20251210_153248_176,9,3,1,0.0,99.70703125,426.6559249532,-3848.9033203125,30
9vars_3cons_20251210_153248_176,9,3,2,0.0,99.90234375,142.2186416511,-1288.9677734375,43
9vars_3cons_20251210_153248_176,9,3,3,0.0,99.70703125,426.6559249532,-3848.9033203125,59
9vars_3cons_20251210_153248_176,9,3,4,0.0,97.94921875,2986.5914746726,-26888.3232421875,77
9vars_3cons_20251210_153248_176,9,3,6,0.0,99.8046875,284.4372833022,-2568.935546875,101
9vars_3cons_20251210_153248_176,9,3,7,0.0,99.8046875,284.4372833022,-2568.935546875,134
9vars_3cons_20251210_153248_105,9,3,1,0.0,99.70703125,16591.4976415512,-33184.9951171875,33
9vars_3cons_20251210_153248_105,9,3,2,0.0,99.8046875,8975.7261190974,-17953.4521484375,52
9vars_3cons_20251210_153248_105,9,3,3,0.0,2.1484375,2857735.521612896,-5715473.0146484375,77
9vars_3cons_20251210_153248_105,9,3,4,0.0,0.0,886256.5200562825,-1772515.03125,99
9vars_3cons_20251210_153248_105,9,3,5,0.0,36.81640625,1882469.6173225043,-3764941.215820313,96
9vars_3cons_20251210_153248_105,9,3,6,0.0,11.23046875,1893250.7570248472,-3786503.495117187,123
9vars_3cons_20251210_153248_105,9,3,7,0.0,2.734375,1489854.0899688017,-2979710.1650390625,143
9vars_1cons_20251210_153248_768,9,1,1,0.0,100.0,0.1363636363,19.0,25
9vars_1cons_20251210_153248_768,9,1,2,0.1953125,100.0,0.1360973011,19.005859375,46
9vars_1cons_20251210_153248_768,9,1,3,30.37109375,100.0,0.2717950993,16.0205078125,71
9vars_1cons_20251210_153248_768,9,1,4,1.07421875,100.0,0.1412020596,18.8935546875,94
9vars_1cons_20251210_153248_768,9,1,5,50.1953125,100.0,0.1223366477,19.30859375,90
9vars_1cons_20251210_153248_768,9,1,6,49.21875,100.0,0.0854492187,20.1201171875,125
9vars_1cons_20251210_153248_768,9,1,7,16.015625,100.0,0.1915838067,17.78515625,134
9vars_3cons_20251210_153248_192,9,3,1,0.0,99.90234375,128.0048815325,-127.0048828125,31
9vars_3cons_20251210_153248_192,9,3,2,0.0,0.1953125,2441911.1865183883,-2441910.2109375,40
9vars_3cons_20251210_153248_192,9,3,3,0.0,7.71484375,814253.1451777811,-814252.1533203125,71
9vars_3cons_20251210_153248_192,9,3,4,0.0,55.95703125,113789.4148777309,-113788.416015625,102
9vars_3cons_20251210_153248_192,9,3,5,0.0,0.0,1089257.8943808586,-1089256.9052734375,129
9vars_3cons_20251210_153248_192,9,3,6,0.0,4.4921875,1482422.2625195277,-1482421.27734375,110
9vars_3cons_20251210_153248_192,9,3,7,0.0,12.6953125,933611.0785545142,-933610.087890625,150
9vars_2cons_20251210_153248_773,9,2,1,0.0,99.70703125,30.2645182493,-468.9677734375,27
9vars_2cons_20251210_153248_773,9,2,2,0.0,96.2890625,1143.8333340959,-17172.5,58
9vars_2cons_20251210_153248_773,9,2,3,0.0,0.09765625,57199.9145563624,-858013.7177734375,85
9vars_2cons_20251210_153248_773,9,2,4,0.0,14.453125,24560.8541830406,-368427.8125,86
9vars_2cons_20251210_153248_773,9,2,5,0.0,1.953125,35828.3743728439,-537440.615234375,102
9vars_2cons_20251210_153248_773,9,2,6,0.0,25.29296875,28959.2789906604,-434404.1845703125,123
9vars_2cons_20251210_153248_773,9,2,7,0.0,0.48828125,23672.5400548442,-355103.1005859375,146
9vars_3cons_20251210_153248_202,9,3,1,0.0,99.90234375,5471.8388124691,-5470.8388671875,32
9vars_3cons_20251210_153248_202,9,3,2,0.0,99.609375,16447.4822574002,-16446.482421875,45
9vars_3cons_20251210_153248_202,9,3,3,0.0,48.046875,1552557.1924822407,-1552556.2080078125,66
9vars_3cons_20251210_153248_202,9,3,4,0.0,29.39453125,2796265.0872717244,-2796264.115234375,69
9vars_3cons_20251210_153248_202,9,3,5,0.0,45.703125,1422320.6820658557,-1422319.6962890625,94
9vars_3cons_20251210_153248_202,9,3,6,0.0,98.73046875,52542.3236933268,-52541.32421875,149
9vars_3cons_20251210_153248_202,9,3,7,0.0,93.84765625,204761.3876008236,-204760.3896484375,142
9vars_1cons_20251210_153248_533,9,1,1,0.0,100.0,0.1578947368,16.0,13
9vars_1cons_20251210_153248_533,9,1,2,0.0,100.0,0.1578947368,16.0,25
9vars_1cons_20251210_153248_533,9,1,3,0.0,100.0,0.1578947368,16.0,37
9vars_1cons_20251210_153248_533,9,1,4,0.0,100.0,0.1578947368,16.0,49
9vars_1cons_20251210_153248_533,9,1,5,0.0,100.0,0.1578947368,16.0,61
9vars_1cons_20251210_153248_533,9,1,6,0.0,100.0,0.1578947368,16.0,73
9vars_1cons_20251210_153248_533,9,1,7,0.0,100.0,0.1578947368,16.0,85
9vars_2cons_20251210_153248_245,9,2,2,0.0,92.96875,950.8470995726,-6662.9296875,44
9vars_2cons_20251210_153248_245,9,2,3,0.0,95.60546875,703.997489845,-4934.982421875,55
9vars_2cons_20251210_153248_245,9,2,4,0.0,84.765625,1572.5329263536,-11014.73046875,78
9vars_2cons_20251210_153248_245,9,2,5,0.0,99.70703125,27.4277344142,-198.994140625,118
9vars_2cons_20251210_153248_245,9,2,6,0.0,99.90234375,45.7152623421,-327.0068359375,125
9vars_2cons_20251210_153248_245,9,2,7,0.0,94.140625,621.7000566917,-4358.900390625,154
9vars_3cons_20251210_153248_879,9,3,2,0.0,0.0,18431.0625115194,-294913.0,54
9vars_3cons_20251210_153248_879,9,3,3,0.0,98.4375,1479.9482431125,-23695.171875,74
9vars_3cons_20251210_153248_879,9,3,4,0.0,31.15234375,57102.0162710403,-913648.259765625,89
9vars_3cons_20251210_153248_879,9,3,5,0.0,80.2734375,31286.9893994372,-500607.830078125,108
9vars_3cons_20251210_153248_879,9,3,6,0.0,94.23828125,27403.1572436895,-438466.515625,115
9vars_3cons_20251210_153248_879,9,3,7,0.0,69.921875,17965.3414418924,-287461.462890625,134
9vars_3cons_20251210_153248_301,9,3,3,0.0,94.7265625,226424.9559509793,-679271.8701171875,64
9vars_3cons_20251210_153248_301,9,3,4,0.0,0.0,3826411.8124406063,-11479232.475585938,86
9vars_3cons_20251210_153248_301,9,3,5,0.0,5.56640625,3185042.2924430883,-9555123.909179688,96
9vars_3cons_20251210_153248_301,9,3,6,0.0,60.15625,1795987.870640978,-5387960.6298828125,155
9vars_3cons_20251210_153248_301,9,3,7,0.0,3.80859375,3647076.256723287,-10941225.806640623,129
9vars_3cons_20251210_153248_305,9,3,1,0.0,99.90234375,162.9037643526,-1802.94140625,30
9vars_3cons_20251210_153248_305,9,3,2,0.0,99.70703125,375.2596771877,-4138.8564453125,52
9vars_3cons_20251210_153248_305,9,3,3,0.0,98.14453125,2647.1867034009,-29130.0537109375,72
9vars_3cons_20251210_153248_305,9,3,5,0.0,70.21484375,54034.6738772474,-594392.412109375,102
9vars_3cons_20251210_153248_305,9,3,6,0.0,59.47265625,24475.9785378759,-269246.763671875,107
9vars_3cons_20251210_153248_305,9,3,7,0.0,97.16796875,1690.1078673035,-18602.1865234375,170
9vars_1cons_20251210_153248_401,9,1,1,0.0,99.70703125,4.0689318413,-88.9990234375,27
9vars_1cons_20251210_153248_401,9,1,2,0.0,97.36328125,136.4637661167,-3928.44921875,52
9vars_1cons_20251210_153248_401,9,1,3,0.0,95.21484375,305.8973598083,-8842.0234375,71
9vars_1cons_20251210_153248_401,9,1,4,0.0,99.90234375,1.8598127688,-24.9345703125,89
9vars_1cons_20251210_153248_401,9,1,5,0.0,83.49609375,1221.0381528656,-35381.1064453125,108
9vars_1cons_20251210_153248_401,9,1,6,0.0,0.29296875,5309.9202231151,-153958.6865234375,121
9vars_1cons_20251210_153248_401,9,1,7,0.0,40.625,1091.9580411105,-31637.783203125,138
9vars_2cons_20251210_153248_393,9,2,3,0.0,20.99609375,64042.9514344141,-320209.7578125,59
9vars_2cons_20251210_153248_393,9,2,4,0.0,36.5234375,52094.5358333109,-260467.6796875,100
9vars_2cons_20251210_153248_393,9,2,5,0.0,0.0,82916.0320607304,-414575.1611328125,105
9vars_2cons_20251210_153248_393,9,2,6,0.0,0.0,103947.1488155432,-519730.7451171875,104
9vars_2cons_20251210_153248_393,9,2,7,0.0,61.71875,28773.75677839,-143863.7841796875,131
9vars_2cons_20251210_153248_440,9,2,1,0.0,100.0,2.000000005,-12.0,28
9vars_2cons_20251210_153248_440,9,2,2,0.0,100.0,2.000000005,-12.0,48
9vars_2cons_20251210_153248_440,9,2,3,0.0,64.0625,140918.2999128426,-563677.1982421875,60
9vars_2cons_20251210_153248_440,9,2,4,0.0,66.796875,139750.4395583605,-559005.7568359375,85
9vars_2cons_20251210_153248_440,9,2,5,0.0,98.2421875,7425.7915224707,-29707.166015625,104
9vars_2cons_20251210_153248_440,9,2,6,0.0,85.64453125,48584.8514398215,-194343.4052734375,137
9vars_2cons_20251210_153248_440,9,2,7,0.0,95.01953125,19649.4673342799,-78601.869140625,142
9vars_2cons_20251210_153248_192,9,2,1,0.0,100.0,0.4545454541,6.0,29
9vars_2cons_20251210_153248_192,9,2,2,0.0,99.4140625,4317.4145024671,-47480.5595703125,52
9vars_2cons_20251210_153248_192,9,2,3,0.0,0.0,74470.3640125554,-819163.0048828125,64
9vars_2cons_20251210_153248_192,9,2,4,0.0,43.9453125,54939.6366688049,-604325.00390625,84
9vars_2cons_20251210_153248_192,9,2,5,0.0,22.16796875,81641.3563710931,-898043.9208984375,106
9vars_2cons_20251210_153248_192,9,2,6,0.0,89.94140625,38352.5237577477,-421866.76171875,138
9vars_2cons_20251210_153248_192,9,2,7,0.0,21.97265625,99237.8608827951,-1091605.470703125,137
9vars_2cons_20251210_153248_624,9,2,1,0.0,100.0,0.7272727266,3.0,29
9vars_2cons_20251210_153248_624,9,2,2,28.61328125,100.0,0.5191761359,5.2890625,58
9vars_2cons_20251210_153248_624,9,2,3,0.0,99.31640625,265.2916368327,-2907.2080078125,60
9vars_2cons_20251210_153248_624,9,2,4,0.0,99.90234375,37.8745560735,-405.6201171875,113
9vars_2cons_20251210_153248_624,9,2,5,96.97265625,100.0,0.0220170454,10.7578125,115
9vars_2cons_20251210_153248_624,9,2,6,47.94921875,100.0,0.378551136,6.8359375,160
9vars_2cons_20251210_153248_624,9,2,7,0.0,99.90234375,37.818448119,-405.0029296875,169
9vars_1cons_20251210_153248_243,9,1,1,0.0,100.0,0.8181818189,-20.0,13
9vars_1cons_20251210_153248_243,9,1,2,0.0,100.0,0.8181818189,-20.0,25
9vars_1cons_20251210_153248_243,9,1,3,0.0,100.0,0.8181818189,-20.0,37
9vars_1cons_20251210_153248_243,9,1,4,0.0,100.0,0.8181818189,-20.0,49
9vars_1cons_20251210_153248_243,9,1,5,0.0,100.0,0.8181818189,-20.0,61
9vars_1cons_20251210_153248_243,9,1,6,0.0,100.0,0.8181818189,-20.0,73
9vars_1cons_20251210_153248_243,9,1,7,0.0,100.0,0.8181818189,-20.0,85
9vars_1cons_20251210_153248_562,9,1,1,0.0,100.0,0.6874999996,5.0,26
9vars_1cons_20251210_153248_562,9,1,2,0.0,98.828125,216.8039549426,-3452.86328125,47
9vars_1cons_20251210_153248_562,9,1,3,0.0,99.90234375,18.7028198125,-283.2451171875,86
9vars_1cons_20251210_153248_562,9,1,4,0.0,98.4375,288.7838132961,-4604.541015625,104
9vars_1cons_20251210_153248_562,9,1,5,0.0,54.39453125,8407.1418404487,-134498.26953125,111
9vars_1cons_20251210_153248_562,9,1,6,0.0,55.17578125,8262.9133249138,-132190.61328125,132
9vars_1cons_20251210_153248_562,9,1,7,0.0,75.1953125,4573.2772188214,-73156.435546875,169
9vars_3cons_20251210_153248_837,9,3,1,0.0,99.90234375,1695.9487276422,-10169.6923828125,24
9vars_3cons_20251210_153248_837,9,3,2,0.0,99.90234375,186.6585283347,-1113.951171875,52
9vars_3cons_20251210_153248_837,9,3,3,0.0,9.375,652501.6522328098,-3915003.919921875,65
9vars_3cons_20251210_153248_837,9,3,4,0.0,0.09765625,42196.1823841001,-253171.0947265625,95
9vars_3cons_20251210_153248_837,9,3,5,0.0,0.48828125,63027.5252855791,-378159.15234375,112
9vars_3cons_20251210_153248_837,9,3,6,0.0,17.1875,821329.2341454409,-4927969.4130859375,114
9vars_3cons_20251210_153248_837,9,3,7,0.0,5.46875,491797.4449811188,-2950778.6748046875,132
9vars_3cons_20251210_153248_932,9,3,1,0.0,99.609375,268793554687.5,-2687.935546875,29
9vars_3cons_20251210_153248_932,9,3,2,0.0,99.90234375,57598925781.25,-575.9892578125,51
9vars_3cons_20251210_153248_932,9,3,3,0.0,97.4609375,1708760253906.25,-17087.6025390625,72
9vars_3cons_20251210_153248_932,9,3,4,0.0,21.19140625,152885140625000.0,-1528851.40625,95
9vars_3cons_20251210_153248_932,9,3,5,0.0,0.09765625,348069816113281.25,-3480698.1611328125,103
9vars_3cons_20251210_153248_932,9,3,6,0.0,36.62109375,201910719140625.0,-2019107.19140625,103
9vars_3cons_20251210_153248_932,9,3,7,0.0,0.68359375,313558860351562.5,-3135588.603515625,149
9vars_1cons_20251210_153248_136,9,1,2,0.0,67.48046875,8078.4590247673,-16158.91796875,50
9vars_1cons_20251210_153248_136,9,1,3,0.0,87.5,2591.3642707693,-5184.728515625,70
9vars_1cons_20251210_153248_136,9,1,4,0.0,95.3125,767.7700233701,-1537.5400390625,90
9vars_1cons_20251210_153248_136,9,1,5,0.0,46.09375,12476.8482069155,-24955.6962890625,96
9vars_1cons_20251210_153248_136,9,1,6,0.0,34.47265625,12156.2832639064,-24314.56640625,120
9vars_1cons_20251210_153248_136,9,1,7,0.0,78.515625,4127.0342003227,-8256.068359375,138
9vars_3cons_20251210_153248_772,9,3,3,0.0,0.0,465062.4837497569,-4185553.3583984375,70
9vars_3cons_20251210_153248_772,9,3,4,0.0,11.5234375,385701.8812988729,-3471307.935546875,81
9vars_3cons_20251210_153248_772,9,3,5,0.0,65.4296875,204903.9086264956,-1844126.1796875,81
9vars_3cons_20251210_153248_772,9,3,6,0.0,73.4375,203278.9776387178,-1829501.80078125,128
9vars_3cons_20251210_153248_772,9,3,7,0.0,42.48046875,281033.1741669076,-2529289.5703125,138
9vars_3cons_20251210_153248_827,9,3,2,0.0,99.8046875,1871.9418898514,-7483.767578125,51
9vars_3cons_20251210_153248_827,9,3,6,0.0,99.8046875,1871.9418898514,-7483.767578125,118
9vars_3cons_20251210_153248_827,9,3,7,0.0,99.8046875,1871.9418898514,-7483.767578125,129
9vars_1cons_20251210_153248_773,9,1,1,0.0,99.8046875,3.3175159786,-50.9853515625,31
9vars_1cons_20251210_153248_773,9,1,2,0.0,97.65625,35.3104136913,-754.8291015625,46
9vars_1cons_20251210_153248_773,9,1,3,8.10546875,100.0,0.386541193,13.49609375,63
9vars_1cons_20251210_153248_773,9,1,4,0.0,99.90234375,1.9365234366,-20.603515625,89
9vars_1cons_20251210_153248_773,9,1,5,0.0,100.0,0.5795010651,9.2509765625,110
9vars_1cons_20251210_153248_773,9,1,6,0.0,99.90234375,2.0612571013,-23.34765625,149
9vars_1cons_20251210_153248_773,9,1,7,0.29296875,100.0,0.5899769173,9.0205078125,144
9vars_1cons_20251210_153248_860,9,1,2,0.0,99.70703125,3.428222655,-67.990234375,47
9vars_1cons_20251210_153248_860,9,1,3,0.0,99.51171875,5.7154366609,-132.0322265625,76
9vars_1cons_20251210_153248_860,9,1,4,0.0,98.73046875,14.8677106532,-388.2958984375,86
9vars_1cons_20251210_153248_860,9,1,5,0.0,82.421875,209.4680175033,-5837.1044921875,100
9vars_1cons_20251210_153248_860,9,1,6,0.0,98.14453125,22.0804617667,-590.2529296875,128
9vars_1cons_20251210_153248_860,9,1,7,0.0,98.4375,18.8299386093,-499.23828125,165
9vars_2cons_20251210_153248_970,9,2,1,0.0,99.90234375,7.9991210977,-179.982421875,20
9vars_2cons_20251210_153248_970,9,2,2,0.0,99.8046875,15.9982421955,-339.96484375,47
9vars_2cons_20251210_153248_970,9,2,3,0.0,76.26953125,3159.7400406424,-63214.80078125,64
9vars_2cons_20251210_153248_970,9,2,4,0.0,99.51171875,71.9943848016,-1459.8876953125,95
9vars_2cons_20251210_153248_970,9,2,5,0.0,88.0859375,1039.8903325512,-20817.806640625,110
9vars_2cons_20251210_153248_970,9,2,6,0.0,99.609375,95.9940430167,-1939.880859375,120
9vars_1cons_20251210_153248_440,9,1,1,0.0,99.51171875,46.949023414,-918.98046875,33
9vars_1cons_20251210_153248_440,9,1,2,0.0,86.42578125,304.5216795352,-6070.43359375,64
9vars_1cons_20251210_153248_440,9,1,3,0.0,96.19140625,62.9078124685,-1238.15625,65
9vars_1cons_20251210_153248_440,9,1,4,0.0,96.875,64.4971679365,-1269.943359375,95
9vars_1cons_20251210_153248_440,9,1,5,0.0,39.2578125,1736.0375967882,-34700.751953125,102
9vars_1cons_20251210_153248_440,9,1,6,0.0,92.87109375,155.8812010939,-3097.6240234375,147
9vars_1cons_20251210_153248_440,9,1,7,0.0,8.7890625,1696.2085440738,-33904.1708984375,137
9vars_2cons_20251210_153248_435,9,2,1,0.0,100.0,0.7500000009,-14.0,28
9vars_2cons_20251210_153248_435,9,2,2,0.0,83.30078125,21324.0591086863,-170600.47265625,53
9vars_2cons_20251210_153248_435,9,2,3,0.0,99.90234375,500.7331549228,-4013.865234375,75
9vars_2cons_20251210_153248_435,9,2,4,0.0,99.21875,2836.6591832333,-22701.2734375,89
9vars_2cons_20251210_153248_435,9,2,5,0.0,70.80078125,40423.4539079512,-323395.630859375,113
9vars_2cons_20251210_153248_435,9,2,6,0.0,27.83203125,351421.4323240424,-2811379.455078125,115
9vars_2cons_20251210_153248_435,9,2,7,0.0,87.79296875,55794.8684779467,-446366.947265625,135
9vars_2cons_20251210_153248_530,9,2,1,0.0,99.90234375,186.1765800864,-2036.9423828125,28
9vars_2cons_20251210_153248_530,9,2,3,0.0,99.90234375,596.3461464749,-6548.8076171875,70
9vars_2cons_20251210_153248_530,9,2,4,0.0,99.609375,1108.3320302424,-12180.65234375,92
9vars_2cons_20251210_153248_530,9,2,5,0.0,97.4609375,4840.5910822472,-53235.501953125,143
9vars_2cons_20251210_153248_530,9,2,6,0.0,34.27734375,179657.5681960499,-1976222.251953125,108
9vars_2cons_20251210_153248_530,9,2,7,0.0,52.1484375,161752.5608437193,-1779267.1708984375,137
9vars_1cons_20251210_153248_645,9,1,1,0.0,99.8046875,18.6648220279,-158.9833984375,27
9vars_1cons_20251210_153248_645,9,1,2,0.0,99.31640625,121.770941705,-1086.9384765625,48
9vars_1cons_20251210_153248_645,9,1,3,0.0,99.0234375,281.7685543744,-2526.9169921875,77
9vars_1cons_20251210_153248_645,9,1,4,0.0,96.6796875,121.7855901425,-1087.0703125,105
9vars_1cons_20251210_153248_645,9,1,5,0.0,45.01953125,3858.4915321711,-34717.423828125,113
9vars_1cons_20251210_153248_645,9,1,6,0.0,54.98046875,4825.5431804022,-43420.888671875,129
9vars_1cons_20251210_153248_645,9,1,7,0.0,72.16796875,3026.5287509775,-27229.7587890625,138
9vars_1cons_20251210_153248_448,9,1,1,0.0,100.0,0.0357142857,27.0,24
9vars_1cons_20251210_153248_448,9,1,2,0.0,99.90234375,18.3207658975,-484.9814453125,58
9vars_1cons_20251210_153248_448,9,1,3,0.0,97.94921875,145.1811522919,-4037.072265625,67
9vars_1cons_20251210_153248_448,9,1,4,0.0,29.19921875,12563.408791551,-351747.4462890625,87
9vars_1cons_20251210_153248_448,9,1,5,0.0,45.703125,5556.5449198905,-155555.2578125,114
9vars_1cons_20251210_153248_448,9,1,6,0.0,24.12109375,2473.6352530228,-69233.787109375,111
9vars_1cons_20251210_153248_448,9,1,7,0.0,52.1484375,4494.8862986179,-125828.81640625,137
9vars_2cons_20251210_153248_222,9,2,1,0.0,99.70703125,257.9927366552,-4111.8837890625,29
9vars_2cons_20251210_153248_222,9,2,3,0.0,4.19921875,38020.5946417645,-608313.5146484375,65
9vars_2cons_20251210_153248_222,9,2,4,0.0,18.1640625,26097.1007527323,-417537.6123046875,93
9vars_2cons_20251210_153248_222,9,2,5,0.0,26.85546875,19027.4788089086,-304423.6611328125,97
9vars_2cons_20251210_153248_222,9,2,6,0.0,12.6953125,11819.8038256204,-189100.861328125,118
9vars_2cons_20251210_153248_222,9,2,7,0.0,6.640625,20879.1840689818,-334050.9453125,126
9vars_2cons_20251210_153248_749,9,2,1,0.0,99.90234375,15.0587086308,-238.998046875,29
9vars_2cons_20251210_153248_749,9,2,3,0.0,99.8046875,30.1174172617,-494.99609375,63
9vars_2cons_20251210_153248_749,9,2,4,0.0,89.453125,2142.0346954312,-36397.58984375,102
9vars_2cons_20251210_153248_749,9,2,5,0.0,83.7890625,2783.9230222595,-47309.69140625,124
9vars_2cons_20251210_153248_749,9,2,6,0.0,3.3203125,11600.6869187275,-197194.677734375,135
9vars_2cons_20251210_153248_749,9,2,7,0.0,88.96484375,2119.4419794518,-36013.513671875,157
9vars_2cons_20251210_153248_695,9,2,2,0.0,31.93359375,16119.3439807078,-193420.1279296875,42
9vars_2cons_20251210_153248_695,9,2,3,0.0,0.0,27323.247373064,-327866.96875,80
9vars_2cons_20251210_153248_695,9,2,4,0.0,13.96484375,25866.9976184181,-310391.9716796875,105
9vars_2cons_20251210_153248_695,9,2,5,0.0,14.2578125,27852.4004487949,-334216.8056640625,111
9vars_2cons_20251210_153248_695,9,2,6,0.0,6.73828125,33063.195935989,-396746.3515625,121
9vars_2cons_20251210_153248_695,9,2,7,0.0,20.41015625,7071.6374452788,-84847.6494140625,142
9vars_2cons_20251210_153248_461,9,2,2,0.0,99.8046875,316.4359812544,-2856.923828125,51
9vars_2cons_20251210_153248_461,9,2,3,0.0,98.6328125,895.9849185303,-8072.8642578125,72
9vars_2cons_20251210_153248_461,9,2,4,0.0,95.80078125,5548.2508742203,-49943.2578125,99
9vars_2cons_20251210_153248_461,9,2,5,0.0,0.68359375,26866.5579725601,-241808.021484375,106
9vars_2cons_20251210_153248_461,9,2,6,0.0,80.37109375,13394.9582397097,-120563.6240234375,141
9vars_2cons_20251210_153248_461,9,2,7,0.0,97.94921875,2520.8283448148,-22696.455078125,142
9vars_3cons_20251210_153248_527,9,3,2,0.0,99.70703125,585581054687.5,-5855.810546875,53
9vars_3cons_20251210_153248_527,9,3,3,0.0,99.51171875,1001566992187.5,-10015.669921875,60
9vars_3cons_20251210_153248_527,9,3,4,0.0,0.0,13263195898437.5,-132631.958984375,82
9vars_3cons_20251210_153248_527,9,3,5,0.0,0.0,13496787500000.0,-134967.875,128
9vars_3cons_20251210_153248_527,9,3,6,0.0,98.92578125,1942341992187.5,-19423.419921875,127
9vars_3cons_20251210_153248_527,9,3,7,0.0,0.0,17640663085937.5,-176406.630859375,140
9vars_2cons_20251210_153248_203,9,2,2,0.0,99.90234375,83.1968750832,-841.96875,49
9vars_2cons_20251210_153248_203,9,2,3,0.0,24.31640625,164618.8361021189,-1646198.359375,73
9vars_2cons_20251210_153248_203,9,2,4,0.0,0.0,87875.8913964697,-878768.9130859375,93
9vars_2cons_20251210_153248_203,9,2,5,0.0,4.19921875,259150.1528958689,-2591511.5263671875,94
9vars_2cons_20251210_153248_203,9,2,6,0.0,0.0,114134.239078978,-1141352.3896484375,163
9vars_2cons_20251210_153248_203,9,2,7,0.0,41.69921875,54049.197222018,-540501.9716796875,129
9vars_1cons_20251210_153248_395,9,1,1,0.0,99.90234375,8.6671549335,-46.0029296875,28
9vars_1cons_20251210_153248_395,9,1,2,0.0,100.0,3.3333333278,-14.0,52
9vars_1cons_20251210_153248_395,9,1,3,0.0,98.4375,264.6518550277,-1581.9111328125,64
9vars_1cons_20251210_153248_395,9,1,4,0.0,89.2578125,733.9858386204,-4397.9150390625,94
9vars_1cons_20251210_153248_395,9,1,5,0.0,54.19921875,4589.5017827154,-27531.0107421875,120
9vars_1cons_20251210_153248_395,9,1,6,0.0,40.52734375,11181.5893368328,-67083.5361328125,123
9vars_1cons_20251210_153248_395,9,1,7,0.0,9.9609375,7315.0035685375,-43884.021484375,157
9vars_2cons_20251210_153248_639,9,2,1,0.0,99.0234375,2471.9355406952,-9883.7421875,30
9vars_2cons_20251210_153248_639,9,2,3,0.0,98.828125,4775.8679079822,-19099.4716796875,62
9vars_2cons_20251210_153248_639,9,2,4,0.0,99.8046875,143.9956051088,-571.982421875,98
9vars_2cons_20251210_153248_639,9,2,5,0.0,2.83203125,266521.5711110398,-1066082.287109375,106
9vars_2cons_20251210_153248_639,9,2,6,0.0,0.29296875,123951.9857741044,-495803.9443359375,126
9vars_2cons_20251210_153248_639,9,2,7,0.0,0.0,140047.7701576931,-560187.08203125,136
9vars_3cons_20251210_153248_392,9,3,2,0.0,0.0,82971.9689757853,-663783.7509765625,48
9vars_3cons_20251210_153248_392,9,3,3,0.0,1.171875,80452.1148466589,-643624.91796875,72
9vars_3cons_20251210_153248_392,9,3,4,0.0,6.640625,189340.0017015187,-1514728.01171875,84
9vars_3cons_20251210_153248_392,9,3,5,0.0,7.2265625,128318.2754289525,-1026554.2021484376,123
9vars_3cons_20251210_153248_392,9,3,6,0.0,52.5390625,154768.1048077179,-1238152.8369140625,104
9vars_3cons_20251210_153248_392,9,3,7,0.0,14.94140625,154108.6666965421,-1232877.33203125,140
9vars_3cons_20251210_153248_650,9,3,1,0.0,99.70703125,751.9768061706,-12015.62890625,30
9vars_3cons_20251210_153248_650,9,3,2,0.0,99.90234375,233.9927366702,-3727.8837890625,57
9vars_3cons_20251210_153248_650,9,3,3,0.0,9.9609375,133952.3217546587,-2143221.1494140625,73
9vars_3cons_20251210_153248_650,9,3,4,0.0,2.734375,202078.1376300488,-3233234.2041015625,90
9vars_3cons_20251210_153248_650,9,3,5,0.0,5.95703125,155425.6792851832,-2486794.8701171875,117
9vars_3cons_20251210_153248_650,9,3,6,0.0,13.37890625,212187.7763566404,-3394988.423828125,108
9vars_3cons_20251210_153248_650,9,3,7,0.0,15.52734375,244620.7029110769,-3913915.2490234375,135
9vars_3cons_20251210_153248_205,9,3,1,0.0,99.609375,8191.7617597088,-16385.5234375,26
9vars_3cons_20251210_153248_205,9,3,2,0.0,99.4140625,10415.6987825472,-20833.3974609375,47
9vars_3cons_20251210_153248_205,9,3,3,0.0,1.171875,604241.4795837074,-1208484.953125,60
9vars_3cons_20251210_153248_205,9,3,4,0.0,27.83203125,683725.7768561288,-1367453.546875,92
9vars_3cons_20251210_153248_205,9,3,5,0.0,76.3671875,245273.2424373037,-490548.482421875,113
9vars_3cons_20251210_153248_205,9,3,6,0.0,37.109375,577552.6151924506,-1155107.224609375,145
9vars_3cons_20251210_153248_205,9,3,7,0.0,83.7890625,210953.9712696136,-421909.9404296875,144
9vars_1cons_20251210_153248_430,9,1,1,0.0,99.90234375,12999414062.5,-129.994140625,26
9vars_1cons_20251210_153248_430,9,1,2,0.0,100.0,200000000.0,-2.0,38
9vars_1cons_20251210_153248_430,9,1,3,0.0,100.0,319140625.0,-3.19140625,69
9vars_1cons_20251210_153248_430,9,1,4,0.0,99.8046875,26296582031.25,-262.9658203125,93
9vars_1cons_20251210_153248_430,9,1,5,0.0,100.0,360253906.25,-3.6025390625,119
9vars_1cons_20251210_153248_430,9,1,6,0.0,100.0,735351562.5,-7.353515625,128
9vars_1cons_20251210_153248_430,9,1,7,0.0,100.0,854394531.25,-8.5439453125,164
9vars_2cons_20251210_153248_495,9,2,1,0.0,100.0,4.999999975,-8.0,21
9vars_2cons_20251210_153248_495,9,2,2,0.0,100.0,4.999999975,-8.0,43
9vars_2cons_20251210_153248_495,9,2,3,0.0,99.8046875,1572.9570233852,-3143.9140625,69
9vars_2cons_20251210_153248_495,9,2,4,0.0,99.51171875,3924.8925585005,-7847.78515625,82
9vars_2cons_20251210_153248_495,9,2,5,0.0,99.90234375,788.9785116801,-1575.95703125,98
9vars_2cons_20251210_153248_495,9,2,6,0.0,99.90234375,788.9785116801,-1575.95703125,108
9vars_2cons_20251210_153248_495,9,2,7,0.0,99.90234375,788.9785116801,-1575.95703125,138
9vars_2cons_20251210_153248_657,9,2,2,0.0,99.90234375,132.2173392628,-1180.9560546875,53
9vars_2cons_20251210_153248_657,9,2,3,0.0,99.21875,167.735676897,-1500.62109375,76
9vars_2cons_20251210_153248_657,9,2,4,0.0,41.6015625,10388.5490335961,-93487.94140625,91
9vars_2cons_20251210_153248_657,9,2,5,0.0,1.953125,4077.4219789765,-36687.7978515625,99
9vars_2cons_20251210_153248_657,9,2,6,0.0,36.03515625,10488.1641593534,-94384.4775390625,128
9vars_2cons_20251210_153248_657,9,2,7,0.0,0.09765625,36821.8445771424,-331387.6015625,135
9vars_3cons_20251210_153248_603,9,3,2,0.0,99.4140625,767.9736320445,-7669.736328125,50
9vars_3cons_20251210_153248_603,9,3,3,0.0,7.8125,168480.3672143321,-1684793.673828125,65
9vars_3cons_20251210_153248_603,9,3,4,0.0,96.875,2777.5088839412,-27765.0888671875,93
9vars_3cons_20251210_153248_603,9,3,5,0.0,99.12109375,1366.3501939461,-13653.501953125,145
9vars_3cons_20251210_153248_603,9,3,6,0.0,63.8671875,117513.0058395182,-1175120.0595703125,125
9vars_3cons_20251210_153248_603,9,3,7,0.0,67.28515625,67655.3698542196,-676543.69921875,142
9vars_2cons_20251210_153248_990,9,2,1,0.0,99.8046875,383.9814414727,-382.9814453125,27
9vars_2cons_20251210_153248_990,9,2,2,0.0,99.609375,4863.8437013616,-4862.84375,49
9vars_2cons_20251210_153248_990,9,2,3,0.0,98.33984375,19647.2957019645,-19646.2958984375,63
9vars_2cons_20251210_153248_990,9,2,4,0.0,94.23828125,19582.9949213576,-19581.9951171875,100
9vars_2cons_20251210_153248_990,9,2,5,0.0,21.97265625,203127.1903515406,-203126.1923828125,102
9vars_2cons_20251210_153248_990,9,2,6,0.0,22.94921875,133819.6373336786,-133818.638671875,117
9vars_2cons_20251210_153248_990,9,2,7,0.0,79.58984375,136699.5875001916,-136698.5888671875,169
9vars_1cons_20251210_153248_594,9,1,1,0.0,99.51171875,26.2999023175,-252.9990234375,30
9vars_1cons_20251210_153248_594,9,1,2,0.0,99.90234375,3.9005859336,-29.005859375,49
9vars_1cons_20251210_153248_594,9,1,3,0.0,3.02734375,3229.7706998952,-32287.70703125,64
9vars_1cons_20251210_153248_594,9,1,4,0.0,75.5859375,1373.0396470645,-13720.396484375,103
9vars_1cons_20251210_153248_594,9,1,5,0.0,29.1015625,4794.3181592682,-47933.181640625,113
9vars_1cons_20251210_153248_594,9,1,6,0.0,77.24609375,947.7624990522,-9467.625,138
9vars_1cons_20251210_153248_594,9,1,7,0.0,53.3203125,1747.9276349708,-17469.2763671875,152
9vars_3cons_20251210_153248_321,9,3,2,0.0,99.21875,93.0901989483,-1034.9921875,53
9vars_3cons_20251210_153248_321,9,3,3,0.0,1.953125,12056.5606466139,-132633.1669921875,74
9vars_3cons_20251210_153248_321,9,3,4,0.0,0.68359375,13752.539874008,-151288.9384765625,95
9vars_3cons_20251210_153248_321,9,3,5,0.0,0.68359375,16426.0232748759,-180697.255859375,127
9vars_3cons_20251210_153248_321,9,3,6,0.0,12.3046875,6074.1004139026,-66826.1044921875,131
9vars_3cons_20251210_153248_321,9,3,7,0.0,13.28125,24554.3555798506,-270108.9111328125,127
9vars_1cons_20251210_153248_613,9,1,1,0.0,99.8046875,17.3324218634,-244.986328125,30
9vars_1cons_20251210_153248_613,9,1,2,0.0,100.0,0.2666666665,11.0,51
9vars_1cons_20251210_153248_613,9,1,3,0.0,99.70703125,77.0647134903,-1140.970703125,79
9vars_1cons_20251210_153248_613,9,1,4,0.0,97.265625,763.9854812615,-11444.7822265625,99
9vars_1cons_20251210_153248_613,9,1,5,0.0,99.0234375,156.0027993752,-2325.0419921875,106
9vars_1cons_20251210_153248_613,9,1,6,0.0,99.51171875,170.9268879069,-2548.9033203125,130
9vars_1cons_20251210_153248_613,9,1,7,0.0,98.6328125,292.5277992841,-4372.9169921875,149
9vars_2cons_20251210_153248_538,9,2,1,0.0,100.0,2.5000000125,-7.0,22
9vars_2cons_20251210_153248_538,9,2,2,0.0,99.90234375,274.4877943412,-550.9755859375,51
9vars_2cons_20251210_153248_538,9,2,3,0.0,14.74609375,38156.7072220335,-76315.4140625,65
9vars_2cons_20251210_153248_538,9,2,4,0.0,12.109375,43276.4533413823,-86554.90625,93
9vars_2cons_20251210_153248_538,9,2,5,0.0,7.421875,193240.2114154198,-386482.4208984375,115
9vars_2cons_20251210_153248_538,9,2,6,0.0,66.50390625,41327.9079214833,-82657.8154296875,130
9vars_2cons_20251210_153248_538,9,2,7,0.0,70.21484375,24320.3409419142,-48642.681640625,129
9vars_1cons_20251210_153248_922,9,1,2,0.0,99.90234375,1.280273437,-7.0068359375,54
9vars_1cons_20251210_153248_922,9,1,3,0.0,99.70703125,3.8410156235,-71.025390625,77
9vars_1cons_20251210_153248_922,9,1,4,0.0,89.453125,153.8110155635,-3820.275390625,98
9vars_1cons_20251210_153248_922,9,1,5,0.0,99.609375,5.3888671853,-109.7216796875,106
9vars_1cons_20251210_153248_922,9,1,6,0.0,99.70703125,4.0486328109,-76.2158203125,150
9vars_1cons_20251210_153248_922,9,1,7,0.0,99.90234375,1.4247656244,-10.619140625,142
9vars_1cons_20251210_153248_196,9,1,1,0.0,100.0,0.1785714285,23.0,24
9vars_1cons_20251210_153248_196,9,1,2,0.0,99.51171875,19.6083635533,-521.0341796875,50
9vars_1cons_20251210_153248_196,9,1,3,0.0,94.921875,109.9049943804,-3049.33984375,67
9vars_1cons_20251210_153248_196,9,1,4,0.0,35.3515625,3315.5468389386,-92807.3115234375,95
9vars_1cons_20251210_153248_196,9,1,5,0.0,50.87890625,4353.4353360568,-121868.189453125,104
9vars_1cons_20251210_153248_196,9,1,6,0.0,26.953125,2480.3500270159,-69421.80078125,122
9vars_1cons_20251210_153248_196,9,1,7,0.0,67.7734375,1254.1279641168,-35087.5830078125,154
9vars_2cons_20251210_153248_134,9,2,1,0.0,99.90234375,1387.6204380829,-4159.861328125,34
9vars_2cons_20251210_153248_134,9,2,2,0.0,100.0,0.9999999967,0.0,53
9vars_2cons_20251210_153248_134,9,2,3,0.0,99.8046875,2550.252270145,-7647.7568359375,67
9vars_2cons_20251210_153248_134,9,2,4,0.0,38.96484375,1082569.7424851842,-3247706.23828125,83
9vars_2cons_20251210_153248_134,9,2,5,0.0,100.0,0.9999999967,0.0,114
9vars_2cons_20251210_153248_134,9,2,6,0.0,14.94140625,1708939.7612306175,-5126816.30078125,123
9vars_2cons_20251210_153248_134,9,2,7,0.0,80.37109375,437363.4555733718,-1312087.37109375,144
9vars_1cons_20251210_153248_182,9,1,1,0.0,100.0,0.999999995,0.0,30
9vars_1cons_20251210_153248_182,9,1,2,0.0,99.90234375,17.0043944462,-32.0087890625,43
9vars_1cons_20251210_153248_182,9,1,3,0.0,99.8046875,32.4799803064,-62.9599609375,74
9vars_1cons_20251210_153248_182,9,1,4,0.0,99.90234375,17.3393553821,-32.6787109375,82
9vars_1cons_20251210_153248_182,9,1,5,0.0,99.70703125,49.0375974111,-96.0751953125,101
9vars_1cons_20251210_153248_182,9,1,6,0.0,99.21875,128.8696282619,-255.7392578125,118
9vars_1cons_20251210_153248_182,9,1,7,1.7578125,100.0,0.9106445267,0.1787109375,162
